symbol,type,strike,cycle,from,to,multiple,start,end,bars,dte_at_low,stock_1h_before,moneyness_at_low
SRF,CALL,3100.0,202506,0.8,25.05,31.3125,2025-06-26 11:45:00,2025-06-26 13:15:00,6,0,0.7387069360005105,-0.6354838709677346
KEI,CALL,3800.0,202506,1.35,34.15,25.296296296296294,2025-06-26 12:45:00,2025-06-26 14:45:00,1,0,-0.6080387460187908,-0.6315789473684164
HINDZINC,CALL,430.0,202507,0.1,1.8,18.0,2025-07-31 14:00:00,2025-07-31 14:30:00,1,0,0.0,-0.23255813953488857
NATIONALUM,PUT,340.0,202607,1.0,15.0,15.0,2026-07-28 11:15:00,2026-07-29 09:30:00,5,2,1.1018463371054166,0.14727540500736325
KALYANKJIL,CALL,570.0,202505,0.45,6.0,13.333333333333332,2025-05-29 13:45:00,2025-05-29 14:15:00,1,0,-0.3965805939896039,-0.8596491228070158
KALYANKJIL,CALL,540.0,202506,0.25,3.0,12.0,2025-06-26 12:45:00,2025-06-26 14:00:00,5,0,-1.5848296079149837,-0.5277777777777826
VEDL,CALL,450.0,202506,0.15,1.75,11.666666666666668,2025-06-26 13:30:00,2025-06-26 14:15:00,3,0,0.04768717215068996,-0.33333333333332993
HINDZINC,CALL,460.0,202511,0.25,2.5,10.0,2025-11-25 13:15:00,2025-11-25 14:45:00,3,2,-0.11944836572918005,-0.021739130434783593
KALYANKJIL,CALL,510.0,202508,0.6,5.9,9.833333333333334,2025-08-28 13:00:00,2025-08-28 14:15:00,5,0,0.36528778754072455,-0.33333333333332993
TECHM,CALL,1400.0,202604,1.9,18.0,9.473684210526317,2026-04-28 13:15:00,2026-04-28 15:15:00,4,2,-0.14258216297141635,0.04999999999999449
ABB,CALL,5200.0,202502,5.5,52.0,9.454545454545455,2025-02-27 09:30:00,2025-02-27 15:15:00,7,0,-2.1554169030062353,-0.48076923076922906
GODREJPROP,CALL,2200.0,202505,3.3,29.3,8.878787878787879,2025-05-29 10:00:00,2025-05-29 12:45:00,11,0,-2.4215246636771326,-1.0909090909090868
EXIDEIND,CALL,390.0,202507,0.35,3.05,8.714285714285714,2025-07-31 13:00:00,2025-07-31 13:30:00,2,0,0.38789759503490284,-0.4615384615384688
HEROMOTOCO,CALL,3750.0,202503,1.75,14.95,8.542857142857143,2025-03-27 12:30:00,2025-03-27 14:45:00,6,0,-0.10829600909152415,-0.3813333333333335
LT,CALL,3200.0,202502,1.2,9.95,8.291666666666666,2025-02-27 13:45:00,2025-02-27 14:45:00,4,0,-0.4800423933542186,-0.2296874999999976
NATIONALUM,CALL,340.0,202607,2.25,17.3,7.688888888888889,2026-07-27 15:15:00,2026-07-29 11:45:00,1,3,-0.42578182352077665,-0.2647058823529336
MAZDOCK,CALL,2460.0,202605,4.5,34.6,7.688888888888889,2026-05-26 13:15:00,2026-05-26 15:00:00,1,2,-0.37693024763912897,-0.08130081300813385
COFORGE,CALL,1820.0,202511,2.4,18.15,7.5625,2025-11-25 13:45:00,2025-11-25 15:15:00,3,2,0.8307487815684578,0.03296703296702397
KEI,CALL,3800.0,202601,2.65,20.0,7.547169811320755,2026-01-27 14:45:00,2026-01-27 15:00:00,1,2,-0.24925878309238758,0.047368421052640386
SHRIRAMFIN,CALL,700.0,202504,0.85,6.4,7.529411764705883,2025-04-24 09:15:00,2025-04-24 09:45:00,2,0,-0.5569837189374649,-0.5285714285714338
TRENT,CALL,6100.0,202506,4.55,34.0,7.472527472527473,2025-06-26 13:00:00,2025-06-26 14:30:00,6,0,-0.28704125756101595,-0.4836065573770476
UNIONBANK,CALL,145.0,202506,0.35,2.6,7.42857142857143,2025-06-25 13:45:00,2025-06-26 14:15:00,19,1,-0.6608839322593818,-0.4827586206896495
GLENMARK,CALL,2160.0,202604,11.45,84.95,7.419213973799128,2026-03-27 15:15:00,2026-04-01 10:15:00,1,34,-0.23452588981881517,0.43981481481480955
KEI,CALL,4350.0,202601,35.65,260.45,7.305750350631136,2025-12-26 15:15:00,2026-01-09 11:00:00,1,34,-0.7179487179487132,0.13793103448276334
YESBANK,CALL,18.0,202604,0.12,0.87,7.25,2026-03-27 12:00:00,2026-04-06 15:00:00,65,34,-0.2763957987838572,0.22222222222221255
DIVISLAB,CALL,5800.0,202503,2.4,17.0,7.083333333333334,2025-03-27 14:15:00,2025-03-27 14:45:00,2,0,-0.0975146703486307,-0.19741379310344032
NATIONALUM,CALL,190.0,202506,0.3,2.1,7.000000000000001,2025-06-25 14:45:00,2025-06-26 14:15:00,4,1,-0.27600849256900206,-1.1157894736842144
BHEL,CALL,265.0,202505,0.3,2.1,7.000000000000001,2025-05-29 14:30:00,2025-05-29 15:00:00,2,0,-0.5403174364939423,0.0
SAIL,CALL,130.0,202506,0.35,2.4,6.857142857142858,2025-06-25 15:00:00,2025-06-26 14:00:00,16,1,-0.22554051952093923,-1.3153846153846183
SHRIRAMFIN,CALL,690.0,202506,0.35,2.4,6.857142857142858,2025-06-26 12:00:00,2025-06-26 13:15:00,4,0,1.2032184247434907,-0.6521739130434745
RELIANCE,CALL,1280.0,202503,0.65,4.4,6.769230769230769,2025-03-27 13:15:00,2025-03-27 14:45:00,6,0,0.09025624926419784,-0.3671874999999991
UNIONBANK,CALL,172.5,202601,0.21,1.41,6.714285714285714,2026-01-27 12:45:00,2026-01-27 14:30:00,3,2,-1.4070811645598646,-0.0753623188405772
LODHA,CALL,1160.0,202511,3.65,24.5,6.712328767123288,2025-11-25 13:15:00,2025-11-25 15:15:00,4,2,0.008625150940133608,-0.04310344827586077
SWIGGY,CALL,280.0,202604,1.0,6.5,6.5,2026-04-28 13:15:00,2026-04-28 15:15:00,4,2,-0.17860332202178641,-0.19642857142857517
SOLARINDS,CALL,17250.0,202506,21.05,136.15,6.467933491686461,2025-06-26 13:15:00,2025-06-26 14:30:00,5,0,0.1753873136509876,-0.666666666666671
NATIONALUM,CALL,345.0,202607,2.5,15.85,6.34,2026-06-29 15:00:00,2026-07-03 09:15:00,1,31,1.2983223924142973,0.6376811594202891
BEL,CALL,305.0,202504,0.15,0.95,6.333333333333333,2025-04-24 13:45:00,2025-04-24 15:00:00,5,0,-0.04930966469427478,-0.3114754098360595
SOLARINDS,CALL,8800.0,202502,0.4,2.5,6.25,2025-02-27 13:30:00,2025-02-27 13:45:00,1,0,-0.4005629533398225,-0.39943181818181683
DIVISLAB,CALL,6050.0,202601,6.3,39.0,6.190476190476191,2026-01-27 09:30:00,2026-01-27 09:45:00,1,2,0.4403822185292894,-0.09917355371901193
GLENMARK,CALL,1300.0,202502,1.85,11.25,6.081081081081081,2025-02-27 09:30:00,2025-02-27 12:00:00,5,0,-0.9927351565174325,0.11538461538460609
SRF,CALL,3050.0,202507,5.0,30.1,6.0200000000000005,2025-07-31 11:30:00,2025-07-31 12:45:00,5,0,0.06267317588073418,-0.540983606557377
PGEL,CALL,820.0,202507,0.25,1.5,6.0,2025-07-31 13:30:00,2025-07-31 13:45:00,1,0,-0.10357012306567714,-0.018292682926823733
M&M,CALL,3000.0,202505,2.1,12.5,5.9523809523809526,2025-05-29 14:30:00,2025-05-29 15:00:00,2,0,-0.28284307200852066,-0.11000000000001009
YESBANK,CALL,21.0,202601,0.18,1.06,5.888888888888889,2026-01-23 13:30:00,2026-01-28 09:15:00,4,6,-1.958041958041945,0.14285714285715567
INFY,CALL,1640.0,202601,7.4,43.1,5.824324324324325,2025-12-29 14:15:00,2026-01-01 12:45:00,7,31,0.1642335766423475,0.4085365853658596
TVSMOTOR,CALL,3500.0,202604,5.2,30.2,5.8076923076923075,2026-04-28 14:00:00,2026-04-28 14:45:00,3,2,0.12014417300760805,0.0
INFY,CALL,1760.0,202502,0.7,4.05,5.785714285714286,2025-02-27 13:30:00,2025-02-27 14:30:00,2,0,-0.3907798606784918,-0.06818181818182278
YESBANK,CALL,20.0,202604,0.17,0.97,5.705882352941176,2026-04-24 09:45:00,2026-04-29 12:45:00,7,6,-0.7477567298105559,-0.44999999999999485
WIPRO,CALL,190.0,202604,1.4,7.97,5.692857142857143,2026-03-27 14:45:00,2026-04-01 15:15:00,4,34,-0.32949790794979394,0.29999999999998916
TRENT,CALL,4700.0,202510,34.7,195.6,5.636887608069164,2025-09-30 09:45:00,2025-10-01 09:15:00,2,30,0.04279397080499958,0.72340425531916
GLENMARK,CALL,1480.0,202503,2.15,12.1,5.627906976744186,2025-03-27 10:45:00,2025-03-27 11:45:00,4,0,0.101940263005873,-0.4763513513513451
ASHOKLEY,CALL,210.0,202602,0.34,1.91,5.617647058823529,2026-02-24 12:45:00,2026-02-24 15:15:00,5,2,-0.04759638267491928,0.0
LUPIN,CALL,1900.0,202508,0.9,5.0,5.555555555555555,2025-08-28 14:00:00,2025-08-28 14:45:00,1,0,0.2375673107380516,-0.06842105263157316
DIVISLAB,CALL,6550.0,202506,4.9,27.1,5.530612244897959,2025-06-26 10:30:00,2025-06-26 12:45:00,4,0,-0.2662609357169998,0.07633587786259888
RBLBANK,CALL,275.0,202510,2.9,16.0,5.517241379310345,2025-09-26 10:30:00,2025-10-03 14:45:00,32,34,0.14548099654483337,0.12727272727273142
HINDZINC,CALL,440.0,202506,0.8,4.4,5.5,2025-06-26 11:15:00,2025-06-26 14:00:00,11,0,-0.46490531806328006,-0.2500000000000058
TVSMOTOR,CALL,3460.0,202604,27.0,148.4,5.496296296296297,2026-03-27 11:30:00,2026-04-01 09:15:00,1,34,0.21668159362089323,0.25433526011560126
KALYANKJIL,CALL,390.0,202604,3.8,20.8,5.473684210526316,2026-03-27 14:00:00,2026-04-01 12:15:00,8,34,-0.4704386522568438,0.35897435897436214
POLICYBZR,CALL,1780.0,202505,2.6,14.1,5.4230769230769225,2025-05-29 12:30:00,2025-05-29 13:15:00,3,0,-0.5778076966229118,-0.43258426966292784
VEDL,CALL,450.0,202505,0.75,4.05,5.3999999999999995,2025-05-29 09:15:00,2025-05-29 13:00:00,15,0,-0.3812701060407542,-0.6999999999999895
SHRIRAMFIN,CALL,990.0,202601,1.5,8.0,5.333333333333333,2026-01-27 14:15:00,2026-01-27 14:30:00,1,2,-0.4875841962400762,-0.015151515151512474
DIXON,CALL,13750.0,202502,26.4,139.15,5.270833333333334,2025-02-27 12:00:00,2025-02-27 13:30:00,5,0,-0.20190123664506343,-0.7647272727272725
IEX,CALL,180.0,202503,0.2,1.05,5.25,2025-03-27 12:30:00,2025-03-27 13:45:00,5,0,0.07302960507835632,-1.0333333333333417
TECHM,CALL,1620.0,202601,9.35,49.0,5.240641711229947,2025-12-26 10:30:00,2026-01-07 10:45:00,29,34,-0.3872157344806393,0.043209876543204295
LUPIN,CALL,1920.0,202506,2.1,11.0,5.238095238095238,2025-06-26 13:30:00,2025-06-26 14:30:00,4,0,-0.10930668332292948,-0.015624999999996891
INDIGO,CALL,4150.0,202604,42.6,221.75,5.205399061032864,2026-03-27 10:45:00,2026-04-01 14:45:00,3,34,-0.27306697326819895,0.32289156626506
RBLBANK,CALL,215.0,202505,0.25,1.3,5.2,2025-05-29 12:15:00,2025-05-29 13:30:00,5,0,-0.023447758394301577,-0.8418604651162842
CAMS,CALL,3800.0,202510,26.2,135.75,5.181297709923665,2025-09-26 14:45:00,2025-10-07 12:30:00,58,34,-0.20305233510186094,0.23947368421053383
EXIDEIND,CALL,300.0,202604,2.85,14.7,5.157894736842104,2026-03-27 15:00:00,2026-04-01 09:15:00,1,34,-0.6760098928277003,0.40000000000000036
IREDA,CALL,140.0,202601,1.13,5.82,5.150442477876107,2025-12-29 09:15:00,2025-12-31 13:45:00,11,31,-0.4452296819787982,0.6214285714285728
WIPRO,CALL,250.0,202505,0.35,1.8,5.142857142857143,2025-05-29 09:45:00,2025-05-29 12:15:00,10,0,0.5535129893741608,-0.44800000000000395
MCX,CALL,11000.0,202601,82.55,424.0,5.136281041792853,2025-12-26 15:15:00,2026-01-01 10:45:00,6,34,0.3177485247390033,0.454545454545463
GLENMARK,CALL,1500.0,202503,0.4,2.05,5.124999999999999,2025-03-27 12:30:00,2025-03-27 14:15:00,6,0,0.4582055860651524,-0.6100000000000105
TRENT,CALL,5600.0,202505,10.4,52.5,5.0480769230769225,2025-05-29 11:15:00,2025-05-29 12:15:00,3,0,-0.6221109142499293,-0.08928571428571397
SRF,CALL,2500.0,202604,20.45,103.1,5.041564792176039,2026-03-27 14:15:00,2026-04-01 09:45:00,3,34,0.31611380096834285,0.27999999999999137
HCLTECH,CALL,1620.0,202503,1.6,8.0,5.0,2025-03-27 13:30:00,2025-03-27 14:45:00,5,0,-0.046274872744100914,-0.024691358024697685
YESBANK,CALL,21.0,202510,0.2,1.0,5.0,2025-09-26 11:45:00,2025-10-01 11:45:00,23,34,-0.3312825366777128,0.28571428571428914
IREDA,CALL,175.0,202505,0.4,2.0,5.0,2025-05-29 09:30:00,2025-05-29 13:00:00,14,0,-0.028727377190473913,-0.49714285714286266
PGEL,CALL,560.0,202604,1.2,6.0,5.0,2026-04-28 13:45:00,2026-04-28 15:15:00,5,2,-0.10712372790573355,-0.08928571428571397
RBLBANK,CALL,250.0,202508,0.6,3.0,5.0,2025-08-28 12:30:00,2025-08-28 14:30:00,5,0,-0.2803364036844114,-0.40000000000000036
NATIONALUM,CALL,185.0,202507,0.2,1.0,5.0,2025-07-31 14:45:00,2025-07-31 15:00:00,1,0,-0.2644645941278112,0.01621621621621383
LODHA,CALL,1240.0,202507,2.8,14.0,5.0,2025-07-31 09:30:00,2025-07-31 12:45:00,6,0,-0.43569469097951563,-0.4838709677419395
TVSMOTOR,CALL,3480.0,202604,30.0,148.95,4.965,2026-03-27 09:30:00,2026-04-01 09:45:00,2,34,-1.7104855299123534,0.22988505747125743
OFSS,CALL,8100.0,202511,5.65,28.0,4.95575221238938,2025-11-25 14:00:00,2025-11-25 14:15:00,1,2,0.3591331269349851,0.049382716049373165
LODHA,CALL,1140.0,202510,9.8,48.4,4.938775510204081,2025-09-26 15:15:00,2025-10-01 09:30:00,3,34,0.2543413436239206,0.2719298245613899
DIXON,CALL,10100.0,202604,129.1,637.4,4.93725793958172,2026-03-27 14:00:00,2026-04-02 12:00:00,17,34,-0.22644481638278702,0.33663366336633693
VEDL,CALL,600.0,202601,4.4,21.6,4.909090909090909,2025-12-26 15:15:00,2025-12-31 15:15:00,1,34,-0.0400000000000067,0.16666666666667052
ANGELONE,CALL,235.0,202604,2.52,12.32,4.888888888888889,2026-03-27 14:00:00,2026-04-02 12:45:00,12,34,-0.10555203715432171,0.6808510638297793
COFORGE,CALL,1880.0,202506,2.25,10.75,4.777777777777778,2025-06-26 10:45:00,2025-06-26 13:30:00,10,0,0.0,-0.42553191489361764
IREDA,CALL,150.0,202507,0.45,2.15,4.777777777777778,2025-07-29 10:30:00,2025-07-30 12:45:00,34,2,-0.7250755287008914,-1.419999999999999
LODHA,CALL,1320.0,202504,3.25,15.5,4.769230769230769,2025-04-24 11:30:00,2025-04-24 13:00:00,6,0,-0.16745318922211094,-0.636363636363646
POWERINDIA,CALL,35500.0,202605,105.0,500.15,4.763333333333333,2026-05-26 13:30:00,2026-05-26 15:15:00,5,2,-0.9078212290502763,-0.07042253521126751
TMPV,CALL,680.0,202506,0.8,3.8,4.749999999999999,2025-06-26 10:45:00,2025-06-26 12:15:00,6,0,-0.13274336283185528,-0.4264705882352948
EXIDEIND,CALL,390.0,202510,2.75,13.0,4.7272727272727275,2025-09-26 14:15:00,2025-10-01 10:00:00,4,34,-0.7876016260162655,0.12820512820512775
INDIGO,CALL,5600.0,202510,31.3,147.7,4.718849840255591,2025-09-26 12:00:00,2025-10-01 14:45:00,9,34,0.03569516330537148,0.08928571428572507
INDIGO,CALL,5050.0,202601,30.9,145.25,4.700647249190939,2025-12-26 14:30:00,2025-12-31 14:30:00,15,34,0.009890218573826992,0.11881188118811892
GRASIM,CALL,2600.0,202604,22.0,103.4,4.7,2026-03-27 11:45:00,2026-04-07 13:45:00,26,34,-0.4616558565432971,0.3423076923076973
TORNTPOWER,CALL,1320.0,202507,2.25,10.55,4.688888888888889,2025-07-31 14:15:00,2025-07-31 14:30:00,1,0,-0.4391278013325173,-0.37878787878787845
CAMS,CALL,4050.0,202504,5.0,23.4,4.68,2025-04-24 14:00:00,2025-04-24 14:45:00,2,0,-0.37550015389350433,-0.22222222222222365
ABB,CALL,6150.0,202604,54.95,257.0,4.6769790718835305,2026-03-27 12:45:00,2026-04-06 11:45:00,12,34,0.4887585532746819,0.29268292682926855
POLICYBZR,CALL,1780.0,202605,3.0,14.0,4.666666666666667,2026-05-26 10:15:00,2026-05-26 13:00:00,1,2,-0.7764495587085252,-0.2078651685393229
ICICIBANK,CALL,1430.0,202506,1.85,8.6,4.648648648648648,2025-06-26 10:30:00,2025-06-26 12:45:00,6,0,-0.44677137870855477,-0.27272727272728003
CAMS,CALL,4200.0,202506,5.6,25.95,4.633928571428571,2025-06-26 11:15:00,2025-06-26 14:00:00,8,0,-0.41686517389233346,-0.46190476190475227
UNIONBANK,CALL,175.0,202601,0.26,1.2,4.615384615384615,2026-01-27 11:45:00,2026-01-27 15:15:00,1,2,0.6331664076440591,-0.0971428571428512
TECHM,CALL,1440.0,202510,2.4,11.0,4.583333333333334,2025-10-28 14:30:00,2025-10-28 15:00:00,2,2,0.0694589150517455,0.04861111111111871
HAL,CALL,3600.0,202604,37.85,173.25,4.577278731836195,2026-03-27 13:15:00,2026-04-02 11:30:00,19,34,-0.13800717637316717,0.49999999999998934
M&M,CALL,3050.0,202604,29.9,136.55,4.566889632107024,2026-03-27 13:15:00,2026-04-01 09:15:00,1,34,0.48293307927329554,0.28196721311475326
GLENMARK,CALL,2020.0,202601,14.35,65.0,4.529616724738676,2025-12-26 09:15:00,2025-12-31 10:00:00,1,34,0.3419735342221175,0.22772277227722793
LT,CALL,3640.0,202505,2.65,12.0,4.528301886792453,2025-05-29 13:30:00,2025-05-29 14:15:00,3,0,0.4112613855920433,-0.04395604395603936
LAURUSLABS,CALL,1080.0,202601,8.5,38.3,4.5058823529411764,2025-12-26 14:30:00,2025-12-31 10:00:00,1,34,0.055442616891498986,0.259259259259248
RELIANCE,CALL,1300.0,202504,0.3,1.35,4.500000000000001,2025-04-24 13:30:00,2025-04-24 14:15:00,3,0,-0.1845869866174521,-0.16923076923077707
LUPIN,CALL,2100.0,202601,12.0,54.0,4.5,2025-12-26 12:30:00,2025-12-31 13:00:00,17,34,-0.12834529638255932,0.04761904761905189
SHRIRAMFIN,CALL,720.0,202510,2.0,9.0,4.5,2025-10-28 14:00:00,2025-10-28 15:15:00,3,2,-0.43508287292817194,0.1180555555555518
UNIONBANK,CALL,152.5,202511,0.1,0.45,4.5,2025-11-25 14:45:00,2025-11-25 15:00:00,1,2,0.2629157355067635,0.026229508196706774
ASHOKLEY,CALL,120.0,202507,0.4,1.8,4.5,2025-07-31 10:00:00,2025-07-31 14:00:00,11,0,-1.9278096800656397,-0.29166666666665675
ICICIBANK,CALL,1350.0,202601,6.15,27.5,4.471544715447155,2025-12-26 15:15:00,2026-01-02 14:45:00,27,34,0.08890205956437747,0.07407407407407085
DIXON,CALL,13500.0,202503,39.1,172.8,4.419437340153453,2025-03-27 10:00:00,2025-03-27 11:30:00,6,0,1.613329307872302,-0.2759259259259239
DIXON,CALL,16750.0,202507,26.5,116.55,4.39811320754717,2025-07-31 12:30:00,2025-07-31 12:45:00,1,0,0.9729860397655221,-0.2507462686567208
KAYNES,CALL,3600.0,202604,52.75,232.0,4.398104265402844,2026-03-27 15:00:00,2026-04-01 10:15:00,2,34,-1.1136040275801729,0.39166666666665684
ASIANPAINT,CALL,2400.0,202507,0.9,3.95,4.388888888888889,2025-07-31 14:15:00,2025-07-31 14:30:00,1,0,-0.42809642560266425,-0.1791666666666747
GODREJPROP,CALL,1500.0,202604,19.65,86.1,4.3816793893129775,2026-03-27 14:30:00,2026-04-01 13:45:00,3,34,-0.27150519833123443,0.40000000000000036
PGEL,CALL,580.0,202601,5.3,23.0,4.339622641509434,2025-12-26 15:15:00,2025-12-31 12:45:00,5,34,-1.2659303313508952,0.181034482758613
IOC,CALL,130.0,202503,0.15,0.65,4.333333333333334,2025-03-27 13:45:00,2025-03-27 15:00:00,4,0,-0.19319938176197704,-0.6538461538461493
DIXON,CALL,16500.0,202504,30.0,129.5,4.316666666666666,2025-04-24 10:45:00,2025-04-24 12:15:00,6,0,-0.22437841115827695,-0.2848484848484878
COFORGE,CALL,1200.0,202604,2.85,12.25,4.298245614035087,2026-04-28 09:30:00,2026-04-28 14:30:00,20,2,-0.5574043261231343,-0.39166666666666794
HINDZINC,CALL,450.0,202504,1.55,6.65,4.290322580645161,2025-04-23 14:45:00,2025-04-24 09:30:00,3,1,0.5845323741007213,-0.8000000000000007
VEDL,CALL,500.0,202510,0.7,3.0,4.285714285714286,2025-10-28 14:30:00,2025-10-28 15:15:00,2,2,-0.7744536388712087,-0.029999999999996696
LAURUSLABS,CALL,540.0,202502,1.05,4.5,4.285714285714286,2025-02-27 11:45:00,2025-02-27 13:30:00,7,0,-1.7714547957778715,-0.9074074074074012
HCLTECH,CALL,1660.0,202601,9.65,41.35,4.284974093264249,2025-12-26 15:00:00,2026-01-09 09:30:00,15,34,0.0722586860962382,0.11445783132530973
HEROMOTOCO,CALL,4250.0,202507,9.25,39.35,4.254054054054055,2025-07-31 10:30:00,2025-07-31 12:30:00,8,0,0.12787118162442823,-0.5082352941176538
HCLTECH,CALL,1170.0,202605,0.85,3.6,4.235294117647059,2026-05-26 12:15:00,2026-05-26 12:30:00,1,2,0.30866843865215987,-0.008547008546999635
RELIANCE,CALL,1420.0,202602,1.3,5.5,4.230769230769231,2026-02-24 13:30:00,2026-02-24 14:30:00,1,2,-0.16864591385004069,0.04929577464789503
KEI,CALL,4150.0,202604,43.8,184.4,4.210045662100457,2026-03-27 12:15:00,2026-04-07 11:30:00,16,34,0.09606147934677622,0.4337349397590451
IREDA,CALL,170.0,202506,0.75,3.15,4.2,2025-06-25 09:15:00,2025-06-25 14:15:00,20,1,0.8537758537758622,-1.329411764705879
NMDC,CALL,83.0,202601,0.72,3.0,4.166666666666667,2025-12-26 13:00:00,2025-12-31 10:30:00,6,34,-0.14440433212995485,-0.024096385542160537
HCLTECH,CALL,1720.0,202506,0.7,2.9,4.142857142857143,2025-06-26 09:30:00,2025-06-26 09:45:00,1,0,0.046603751602014576,-0.15116279069766758
RBLBANK,CALL,160.0,202502,0.75,3.1,4.133333333333334,2025-02-25 15:15:00,2025-02-27 13:45:00,1,2,-1.3391739674593284,-1.4625
KALYANKJIL,CALL,450.0,202510,5.6,23.1,4.125000000000001,2025-09-26 14:00:00,2025-09-30 15:15:00,4,34,-0.9137950016514296,0.0
UNIONBANK,CALL,135.0,202510,1.3,5.35,4.115384615384615,2025-09-26 13:15:00,2025-10-03 14:00:00,5,34,-0.6830701432243846,0.16296296296296475
LAURUSLABS,CALL,610.0,202503,0.95,3.9,4.105263157894737,2025-03-27 14:15:00,2025-03-27 14:45:00,2,0,-0.09836065573770592,-0.09836065573770592
TORNTPOWER,CALL,1300.0,202601,9.65,39.5,4.093264248704663,2025-12-26 13:15:00,2025-12-31 12:30:00,8,34,0.5477549760839251,0.25384615384616005
GLENMARK,CALL,2000.0,202601,13.1,53.5,4.083969465648855,2025-12-26 13:00:00,2026-01-09 15:00:00,1,34,-0.03485535029627007,0.38000000000000256
BEL,CALL,385.0,202507,0.6,2.45,4.083333333333334,2025-07-31 12:00:00,2025-07-31 13:15:00,4,0,-0.10400416016641545,-0.2077922077922123
ASIANPAINT,CALL,2760.0,202601,16.35,66.7,4.079510703363914,2025-12-26 10:15:00,2026-01-02 14:45:00,29,34,-1.036139394808533,0.01086956521740845
IEX,CALL,190.0,202504,0.7,2.85,4.071428571428572,2025-04-23 10:30:00,2025-04-24 12:15:00,29,1,-0.6930850219565077,-1.210526315789484
IEX,CALL,135.0,202601,1.43,5.81,4.0629370629370625,2025-12-26 14:30:00,2025-12-31 09:45:00,5,34,-0.3392330383480857,0.10370370370369475
POWERINDIA,CALL,18250.0,202601,183.45,742.75,4.0487871354592535,2025-12-26 14:45:00,2026-01-01 14:30:00,43,34,-0.435137340223013,0.3013698630137007
PGEL,CALL,570.0,202511,2.25,9.1,4.044444444444444,2025-11-25 15:00:00,2025-11-25 15:15:00,1,2,-0.4880174291938877,0.16666666666667052
NMDC,CALL,82.0,202601,0.71,2.87,4.042253521126761,2025-12-26 10:00:00,2026-01-01 10:15:00,3,34,1.0094792564323551,0.06097560975608651
COALINDIA,CALL,395.0,202510,0.35,1.4,4.0,2025-10-28 10:00:00,2025-10-28 11:30:00,2,2,-0.6046101524121328,-0.11392405063290756
NMDC,CALL,70.0,202506,0.1,0.4,4.0,2025-06-26 14:00:00,2025-06-26 14:30:00,2,0,0.3170485660757949,-0.557142857142856
PGEL,CALL,800.0,202507,3.0,12.0,4.0,2025-07-31 10:00:00,2025-07-31 11:00:00,4,0,-1.4276846679081356,-0.7499999999999951
TECHM,CALL,1420.0,202503,0.75,3.0,4.0,2025-03-27 14:00:00,2025-03-27 15:00:00,3,0,0.056505156095498776,-0.23943661971831398
RBLBANK,CALL,195.0,202504,0.45,1.8,4.0,2025-04-24 10:15:00,2025-04-24 11:00:00,3,0,1.2940745009692556,-0.851282051282054
KALYANKJIL,CALL,385.0,202604,5.25,20.95,3.9904761904761905,2026-03-27 11:15:00,2026-04-01 14:30:00,7,34,0.33739942901636066,0.4155844155844246
ANGELONE,CALL,2200.0,202502,4.75,18.85,3.9684210526315793,2025-02-27 10:15:00,2025-02-27 10:30:00,1,0,-2.2438803263825857,-1.9840909090909187
EXIDEIND,CALL,395.0,202510,3.15,12.45,3.952380952380952,2025-09-26 13:00:00,2025-10-03 14:15:00,44,34,-0.15166835187058192,0.0
ASIANPAINT,CALL,2320.0,202503,2.8,11.05,3.946428571428572,2025-03-27 09:45:00,2025-03-27 13:00:00,13,0,-0.5978108939208249,-0.37715517241379004
HEROMOTOCO,CALL,5050.0,202604,8.0,31.5,3.9375,2026-04-28 14:15:00,2026-04-28 14:30:00,1,2,-0.17797112912794066,-0.03960396039603964
AXISBANK,CALL,1160.0,202510,7.9,31.05,3.930379746835443,2025-09-26 12:30:00,2025-10-09 13:00:00,17,34,-0.017228012748737864,0.060344827586211736
KALYANKJIL,CALL,490.0,202601,4.5,17.65,3.922222222222222,2025-12-26 14:30:00,2026-01-05 09:30:00,11,34,-0.6077180188392539,0.13265306122447473
EXIDEIND,CALL,365.0,202601,2.45,9.6,3.918367346938775,2025-12-26 15:15:00,2026-01-02 10:45:00,8,34,-0.08204567209078029,0.09589041095892092
WIPRO,CALL,267.5,202601,1.67,6.5,3.8922155688622757,2025-12-26 11:45:00,2026-01-08 09:45:00,26,34,-0.05594509920929802,0.17570093457945912
INDIGO,CALL,4450.0,202502,7.5,29.15,3.8866666666666663,2025-02-27 10:00:00,2025-02-27 10:30:00,2,0,0.02822658040624315,-0.4865168539325726
GODREJPROP,CALL,2000.0,202601,17.5,67.7,3.8685714285714288,2025-12-26 15:15:00,2025-12-31 10:15:00,4,34,-0.09990009990009652,0.0
INFY,CALL,1520.0,202507,0.35,1.35,3.8571428571428577,2025-07-31 13:00:00,2025-07-31 13:15:00,1,0,0.3976143141153132,-0.3289473684210509
EXIDEIND,CALL,355.0,202502,0.35,1.35,3.8571428571428577,2025-02-27 12:45:00,2025-02-27 14:45:00,6,0,-0.18333098293612515,-0.3943661971830936
HEROMOTOCO,CALL,6050.0,202511,7.0,27.0,3.857142857142857,2025-11-25 12:45:00,2025-11-25 14:30:00,6,2,0.09928021841647539,-0.008264462809914885
GODREJPROP,CALL,1950.0,202502,1.3,5.0,3.846153846153846,2025-02-27 14:00:00,2025-02-27 14:30:00,1,0,-0.4816807583909899,-0.31025641025640427
HAL,CALL,4450.0,202601,33.25,127.8,3.843609022556391,2025-12-26 13:15:00,2026-01-05 09:15:00,3,34,0.004494483022110529,0.0022471910112509264
TECHM,CALL,1440.0,202605,2.5,9.6,3.84,2026-05-26 09:45:00,2026-05-26 14:30:00,9,2,0.4807022432771202,0.15972222222222499
RBLBANK,CALL,190.0,202504,1.0,3.8,3.8,2025-04-23 09:45:00,2025-04-23 10:15:00,1,1,-0.8147174770039456,-0.6842105263157983
TORNTPOWER,CALL,1300.0,202511,2.25,8.5,3.7777777777777777,2025-11-24 11:30:00,2025-11-24 15:15:00,14,3,-0.03873866893933098,-0.7538461538461494
HAL,CALL,4400.0,202601,33.95,128.1,3.7731958762886593,2025-12-26 15:15:00,2026-01-02 15:00:00,64,34,-0.22609600036175292,0.2931818181818091
HEROMOTOCO,CALL,5150.0,202604,65.6,247.45,3.7721036585365857,2026-03-27 13:30:00,2026-04-01 10:00:00,4,34,-0.08697332817936276,0.3786407766990241
GRASIM,CALL,2840.0,202601,18.0,67.8,3.7666666666666666,2025-12-26 10:15:00,2025-12-31 10:45:00,1,34,0.2896298389375662,-0.021126760563372482
CAMS,CALL,640.0,202604,7.1,26.7,3.76056338028169,2026-03-27 11:15:00,2026-04-02 13:00:00,23,34,-0.3103421522228311,0.3828125000000071
TRENT,CALL,5300.0,202504,7.0,26.3,3.757142857142857,2025-04-24 10:30:00,2025-04-24 11:45:00,5,0,-1.2030371758209202,-0.7547169811320753
IREDA,CALL,128.0,202601,0.24,0.9,3.7500000000000004,2026-01-27 09:15:00,2026-01-27 10:15:00,2,2,-0.17191529264671823,0.0
HCLTECH,CALL,1520.0,202510,1.6,6.0,3.75,2025-10-28 11:15:00,2025-10-28 15:15:00,7,2,-0.8296857646828304,-0.1315789473684159
HEROMOTOCO,CALL,5700.0,202601,43.8,164.0,3.744292237442923,2025-12-26 09:15:00,2025-12-31 09:45:00,3,34,0.2897532706997996,0.19298245614034482
GRASIM,CALL,2820.0,202601,18.35,68.7,3.7438692098092643,2025-12-26 10:00:00,2026-01-01 12:30:00,13,34,-0.27202713205680684,0.10283687943262176
M&M,CALL,3200.0,202507,15.9,59.5,3.742138364779874,2025-07-30 11:15:00,2025-07-30 15:15:00,4,1,-0.36359077231694625,-0.6624999999999992
LODHA,CALL,1080.0,202601,10.0,37.4,3.7399999999999998,2025-12-26 10:30:00,2026-01-02 13:00:00,16,34,-0.16648168701441923,-0.055555555555542036
ASIANPAINT,CALL,2260.0,202604,20.3,75.85,3.736453201970443,2026-03-27 09:15:00,2026-04-08 11:00:00,2,34,-0.3951180964088197,0.3893805309734599
POWERINDIA,CALL,25000.0,202604,350.0,1304.75,3.7278571428571428,2026-03-27 11:45:00,2026-04-02 14:15:00,17,34,-1.0845986984815648,0.32000000000000917
WIPRO,CALL,270.0,202506,0.35,1.3,3.714285714285715,2025-06-25 10:45:00,2025-06-25 13:30:00,9,1,-0.13804939929855653,-0.8888888888888835
ASIANPAINT,CALL,2500.0,202510,3.5,13.0,3.7142857142857144,2025-10-28 14:30:00,2025-10-28 15:15:00,3,2,-0.1915479468454495,0.043999999999999595
TRENT,CALL,4300.0,202601,36.9,137.0,3.7127371273712737,2025-12-26 11:00:00,2026-01-02 10:15:00,36,34,-0.4979181124219245,0.034883720930234396
SHRIRAMFIN,CALL,910.0,202604,13.6,50.4,3.7058823529411766,2026-03-27 13:00:00,2026-04-01 09:45:00,2,34,0.6942148760330502,0.4175824175824072
AXISBANK,CALL,1200.0,202505,1.15,4.25,3.695652173913044,2025-05-29 09:30:00,2025-05-29 15:00:00,10,0,-0.025081514923497306,-0.35000000000000586
SWIGGY,CALL,255.0,202605,0.65,2.4,3.692307692307692,2026-05-26 09:45:00,2026-05-26 10:30:00,3,2,1.8000000000000016,-0.19607843137254832
GRASIM,CALL,2740.0,202510,20.05,73.8,3.680798004987531,2025-09-26 15:15:00,2025-10-01 10:00:00,1,34,-0.040056807836563735,0.18248175182482562
POLICYBZR,CALL,1800.0,202507,5.9,21.7,3.677966101694915,2025-07-31 09:45:00,2025-07-31 11:45:00,7,0,-1.7014270032930878,-0.5000000000000004
POLICYBZR,CALL,1460.0,202604,21.8,80.0,3.6697247706422016,2026-03-27 14:45:00,2026-04-01 10:45:00,1,34,-0.40081521739131487,0.417808219178073
SHRIRAMFIN,CALL,1000.0,202601,1.95,7.15,3.666666666666667,2026-01-27 11:15:00,2026-01-27 15:15:00,3,2,-0.10506829439136389,-0.17000000000000348
KALYANKJIL,CALL,480.0,202502,0.3,1.1,3.666666666666667,2025-02-27 13:15:00,2025-02-27 13:30:00,1,0,0.6911217437533201,-1.3541666666666674
ANGELONE,CALL,2150.0,202510,30.5,111.7,3.6622950819672133,2025-09-26 13:15:00,2025-10-01 15:15:00,26,34,-0.37079953650058783,-0.032558139534877295
HCLTECH,CALL,1540.0,202510,2.9,10.6,3.6551724137931036,2025-10-27 09:15:00,2025-10-27 11:30:00,9,3,0.8958566629339471,-0.5389610389610389
SOLARINDS,CALL,14000.0,202510,144.9,529.0,3.6507936507936507,2025-09-26 10:30:00,2025-10-06 10:30:00,9,34,-0.5192772798406575,-0.1071428571428612
IEX,CALL,140.0,202510,1.65,6.0,3.6363636363636367,2025-09-26 09:45:00,2025-10-01 15:15:00,25,34,0.2430828626581949,0.15000000000000568
MCX,CALL,8000.0,202510,89.2,323.55,3.627242152466368,2025-09-26 12:00:00,2025-10-03 09:45:00,11,34,-0.1000375140677856,-0.1375000000000015
ANGELONE,CALL,2500.0,202601,7.5,27.2,3.6266666666666665,2026-01-27 11:00:00,2026-01-27 12:15:00,4,2,-1.5557306025994588,-0.024000000000001798
COALINDIA,CALL,390.0,202510,2.4,8.7,3.625,2025-09-26 13:15:00,2025-10-01 11:15:00,4,34,-0.3955595253285704,0.07692307692308553
MCX,CALL,5200.0,202503,10.5,38.0,3.619047619047619,2025-03-27 12:15:00,2025-03-27 15:00:00,7,0,-0.9076066077602807,-0.7913461538461508
HINDZINC,CALL,460.0,202505,1.05,3.8,3.6190476190476186,2025-05-29 12:30:00,2025-05-29 13:30:00,4,0,-0.5300162249864737,-0.04347826086956719
GRASIM,CALL,2740.0,202507,3.2,11.55,3.609375,2025-07-31 10:15:00,2025-07-31 11:45:00,5,0,-0.7914896706967323,-0.27372262773722733
WIPRO,CALL,270.0,202503,0.75,2.7,3.6,2025-03-26 14:45:00,2025-03-27 11:15:00,9,1,-0.27938163531383564,-0.8703703703703769
BHEL,CALL,417.5,202605,0.25,0.9,3.6,2026-05-26 13:15:00,2026-05-26 14:15:00,4,2,0.11984659635666528,0.04790419161675441
TMPV,CALL,350.0,202604,0.75,2.7,3.6,2026-04-28 14:00:00,2026-04-28 14:45:00,2,2,-0.19951546244835194,0.04285714285714448
NMDC,CALL,76.0,202510,0.75,2.7,3.6,2025-09-26 11:00:00,2025-10-01 14:30:00,24,34,0.25062656641603454,0.0
IREDA,CALL,115.0,202604,1.52,5.47,3.5986842105263155,2026-03-27 14:30:00,2026-04-06 14:30:00,18,34,-0.7141013507700245,0.3478260869565375
NATIONALUM,CALL,160.0,202504,0.85,3.05,3.5882352941176467,2025-04-23 10:30:00,2025-04-23 13:15:00,11,1,-1.8897246223658848,-1.3562499999999922
M&M,CALL,2750.0,202502,5.0,17.85,3.5700000000000003,2025-02-27 10:15:00,2025-02-27 10:30:00,1,0,-0.9929206752586683,-0.8309090909090822
SOLARINDS,CALL,13750.0,202510,156.35,558.1,3.5695554844899267,2025-09-26 15:15:00,2025-10-03 09:15:00,2,34,-0.2031488065007636,0.03636363636363438
HINDZINC,CALL,460.0,202504,0.8,2.85,3.5625,2025-04-24 12:00:00,2025-04-24 13:15:00,5,0,-0.672743055555558,-0.43478260869564966
MAZDOCK,CALL,2800.0,202507,3.5,12.45,3.557142857142857,2025-07-31 12:30:00,2025-07-31 14:00:00,6,0,0.429401363980797,-0.6000000000000116
HEROMOTOCO,CALL,5650.0,202601,36.6,130.0,3.551912568306011,2025-12-26 11:30:00,2026-01-12 11:45:00,8,34,-0.40542922615900423,0.0
TRENT,CALL,3450.0,202604,51.6,183.0,3.546511627906977,2026-03-27 10:00:00,2026-04-01 11:15:00,3,34,-0.32142548968850937,0.4492753623188461
ITC,CALL,410.0,202507,0.55,1.95,3.545454545454545,2025-07-31 09:30:00,2025-07-31 10:45:00,4,0,0.20884520884520974,-0.5243902439024284
NATIONALUM,CALL,342.5,202602,0.55,1.95,3.545454545454545,2026-02-24 14:45:00,2026-02-24 15:15:00,1,2,1.722857567206293,-0.0145985401459936
PGEL,CALL,590.0,202601,7.1,25.15,3.5422535211267605,2025-12-26 10:30:00,2026-01-02 09:45:00,3,34,0.39976184400782877,0.03389830508475633
LODHA,CALL,1180.0,202502,3.55,12.55,3.535211267605634,2025-02-27 12:30:00,2025-02-27 13:15:00,2,0,-0.6831230878839856,-0.0974576271186467
RELIANCE,CALL,1380.0,202510,8.8,31.1,3.534090909090909,2025-09-26 13:00:00,2025-10-07 09:30:00,5,34,0.10879025239338702,0.02173913043477249
RELIANCE,CALL,1370.0,202510,9.5,33.55,3.5315789473684207,2025-09-26 10:15:00,2025-10-01 09:15:00,4,34,0.2412986253290672,0.06569343065694344
OFSS,CALL,8500.0,202510,89.5,316.0,3.53072625698324,2025-09-26 15:00:00,2025-10-01 13:30:00,11,34,-0.7005253940455369,0.058823529411755615
HINDZINC,CALL,640.0,202601,7.7,27.0,3.5064935064935066,2025-12-26 11:00:00,2026-01-06 10:00:00,6,34,0.22739747510389652,-0.14062499999999423
INFY,CALL,1660.0,202601,6.6,23.1,3.5000000000000004,2025-12-26 10:30:00,2026-01-19 09:30:00,2,34,-0.2282282282282222,0.07228915662651492
IOC,CALL,145.0,202506,0.2,0.7,3.4999999999999996,2025-06-26 13:30:00,2025-06-26 14:45:00,5,0,0.20069204152248776,-0.14482758620689706
PGEL,CALL,490.0,202604,8.3,29.0,3.4939759036144573,2026-03-27 14:15:00,2026-04-01 10:30:00,1,34,-0.6551098568836955,0.581632653061237
KEI,CALL,3850.0,202507,3.85,13.45,3.4935064935064934,2025-07-31 11:00:00,2025-07-31 13:15:00,6,0,0.42519685039370536,-0.6181818181818177
TVSMOTOR,CALL,3450.0,202510,36.1,125.95,3.488919667590028,2025-09-26 10:15:00,2025-10-01 09:15:00,4,34,1.1481427103215314,-0.156521739130433
M&M,CALL,3200.0,202506,4.1,14.3,3.487804878048781,2025-06-25 12:15:00,2025-06-26 09:45:00,12,1,-0.10992462311557594,-0.6093750000000009
IOC,CALL,160.0,202601,1.15,4.01,3.4869565217391307,2025-12-26 10:15:00,2026-01-08 09:45:00,9,34,-1.1065092415157407,-0.012500000000004174
LT,CALL,3300.0,202504,2.5,8.7,3.4799999999999995,2025-04-24 12:45:00,2025-04-24 13:45:00,4,0,0.5635089856838249,0.04545454545454852
LAURUSLABS,CALL,670.0,202506,0.95,3.3,3.473684210526316,2025-06-26 11:00:00,2025-06-26 11:30:00,1,0,-0.5084872504299676,-0.7089552238805918
ANGELONE,CALL,2300.0,202503,18.0,62.5,3.4722222222222223,2025-03-20 14:45:00,2025-03-25 09:15:00,24,7,0.44533511467379494,-1.93913043478261
ABB,CALL,5500.0,202503,10.1,35.05,3.4702970297029703,2025-03-27 14:00:00,2025-03-27 15:00:00,4,0,-0.09363636363636241,-0.09363636363636241
NATIONALUM,CALL,185.0,202508,0.65,2.25,3.4615384615384612,2025-08-28 09:15:00,2025-08-28 10:45:00,6,0,-1.6265799157378136,-0.29189189189188225
ASHOKLEY,CALL,160.0,202605,0.22,0.76,3.4545454545454546,2026-05-26 13:15:00,2026-05-26 15:00:00,7,2,-0.4296656080702399,-0.06249999999999867
ANGELONE,CALL,240.0,202604,4.1,14.14,3.4487804878048784,2026-03-27 09:15:00,2026-04-01 11:30:00,9,34,-0.43639357760395514,0.766666666666671
TVSMOTOR,CALL,3300.0,202508,5.7,19.65,3.4473684210526314,2025-08-26 09:15:00,2025-08-26 10:15:00,4,2,-0.6848481159067443,-1.1242424242424165
PGEL,CALL,500.0,202603,4.15,14.3,3.4457831325301203,2026-03-23 15:15:00,2026-03-24 15:00:00,15,3,0.5173988028811971,-0.9200000000000097
INFY,CALL,1260.0,202604,16.3,56.15,3.4447852760736195,2026-03-27 15:15:00,2026-04-02 10:00:00,2,34,-0.6043481673337903,0.5079365079365239
COALINDIA,CALL,400.0,202504,0.45,1.55,3.4444444444444446,2025-04-24 11:15:00,2025-04-24 11:45:00,2,0,0.03759398496239186,-0.21250000000000435
GLENMARK,CALL,1880.0,202511,3.35,11.5,3.432835820895522,2025-11-25 13:30:00,2025-11-25 14:00:00,2,2,0.08522424629806569,-0.05319148936170359
TRENT,CALL,4300.0,202605,10.05,34.5,3.432835820895522,2026-05-26 09:30:00,2026-05-26 10:00:00,1,2,-0.6188118811881194,-0.558139534883717
TECHM,CALL,1720.0,202601,3.25,11.15,3.430769230769231,2026-01-27 11:15:00,2026-01-27 12:15:00,3,2,-0.3071217476965815,0.0232558139535044
GLENMARK,CALL,2040.0,202602,4.65,15.95,3.43010752688172,2026-02-24 13:30:00,2026-02-24 14:15:00,3,2,-0.05880335179105911,-0.02450980392156854
IREDA,CALL,165.0,202503,0.35,1.2,3.428571428571429,2025-03-27 12:15:00,2025-03-27 13:45:00,6,0,-1.447695196559462,-1.393939393939403
IOC,CALL,145.0,202604,0.35,1.2,3.428571428571429,2026-04-28 13:30:00,2026-04-28 15:00:00,3,2,-0.30964012936077756,-0.08275862068966022
IEX,CALL,190.0,202506,0.95,3.25,3.4210526315789473,2025-06-24 11:30:00,2025-06-25 09:45:00,11,2,-0.010652463382165855,-1.1947368421052706
ICICIBANK,CALL,1360.0,202510,9.3,31.7,3.408602150537634,2025-09-26 15:15:00,2025-10-01 10:00:00,4,34,0.20592777818635444,0.18382352941177516
IEX,CALL,125.0,202602,0.25,0.85,3.4,2026-02-24 12:00:00,2026-02-24 15:00:00,6,2,-0.27930731785172913,-0.0320000000000098
IEX,CALL,165.0,202502,0.9,3.05,3.3888888888888884,2025-02-25 10:15:00,2025-02-25 13:30:00,13,2,0.8513788635942987,-0.9272727272727321
HCLTECH,CALL,1580.0,202504,3.6,12.2,3.3888888888888884,2025-04-24 14:45:00,2025-04-24 15:00:00,1,0,-0.31569642631645856,-0.07594936708861244
NATIONALUM,CALL,410.0,202605,0.8,2.7,3.375,2026-05-26 11:15:00,2026-05-26 12:15:00,4,2,0.024390243902439046,0.024390243902439046
UNIONBANK,CALL,172.5,202604,2.76,9.31,3.373188405797102,2026-03-27 14:30:00,2026-04-06 10:15:00,14,34,-0.4129624318898739,0.6550724637681027
GLENMARK,CALL,1980.0,202510,18.75,63.0,3.36,2025-09-26 11:15:00,2025-10-03 13:00:00,11,34,-0.5075121853173159,0.0
PGEL,CALL,610.0,202602,1.55,5.2,3.3548387096774195,2026-02-24 09:30:00,2026-02-24 09:45:00,1,2,0.5803830528148479,-0.5655737704918118
LUPIN,CALL,1940.0,202507,1.5,5.0,3.3333333333333335,2025-07-31 12:00:00,2025-07-31 12:45:00,2,0,0.15514299012255872,-0.17010309278350233
HINDZINC,CALL,635.0,202601,7.75,25.75,3.3225806451612905,2025-12-26 13:45:00,2026-01-07 11:30:00,11,34,-0.4625637005096106,-0.03149606299213126
M&M,CALL,3450.0,202510,35.75,118.65,3.318881118881119,2025-09-26 12:15:00,2025-10-01 09:30:00,3,34,-0.5362394049472363,0.0
TVSMOTOR,CALL,2340.0,202502,3.45,11.45,3.3188405797101446,2025-02-27 09:30:00,2025-02-27 10:30:00,4,0,-1.3332768983323473,-0.38034188034188343
COFORGE,CALL,1160.0,202604,19.65,65.2,3.3180661577608146,2026-03-27 11:30:00,2026-04-02 10:30:00,23,34,0.12892135797164528,0.4310344827586299
OFSS,CALL,7700.0,202601,83.9,278.2,3.315852205005959,2025-12-26 10:45:00,2026-01-07 12:30:00,108,34,-0.10332579916048079,0.4480519480519529
INFY,CALL,1280.0,202604,16.6,54.85,3.3042168674698793,2026-03-27 09:30:00,2026-04-02 13:45:00,9,34,0.48464003752051177,0.4296875000000089
IEX,CALL,137.5,202510,1.35,4.45,3.2962962962962963,2025-09-26 14:00:00,2025-10-13 09:15:00,5,34,-0.34785129357201017,0.007272727272722435
HINDZINC,CALL,430.0,202508,2.05,6.75,3.2926829268292686,2025-08-22 15:00:00,2025-08-25 13:45:00,9,6,-0.3865979381443396,-1.1279069767441863
LODHA,CALL,1220.0,202503,1.4,4.6,3.2857142857142856,2025-03-27 13:15:00,2025-03-27 13:30:00,1,0,0.09459181575159903,-0.3852459016393528
TMPV,CALL,410.0,202510,1.3,4.25,3.269230769230769,2025-10-28 09:15:00,2025-10-28 09:30:00,1,2,0.5512679162072764,0.09756097560975618
IOC,CALL,161.0,202601,1.31,4.28,3.267175572519084,2025-12-26 09:30:00,2026-01-06 10:45:00,1,34,-0.07444168734489498,0.04968944099379424
RBLBANK,CALL,235.0,202506,0.8,2.6,3.25,2025-06-26 14:15:00,2025-06-26 15:00:00,1,0,0.10207553589656193,0.15319148936170368
UNIONBANK,CALL,145.0,202510,0.4,1.3,3.25,2025-10-28 11:00:00,2025-10-28 13:00:00,6,2,-0.9294696555494752,-0.027586206896546006
WIPRO,CALL,294.0,202502,0.4,1.3,3.25,2025-02-27 12:45:00,2025-02-27 14:45:00,5,0,-0.3234593122233509,-0.39115646258502945
WIPRO,CALL,177.5,202607,0.68,2.21,3.2499999999999996,2026-07-24 15:15:00,2026-07-27 15:00:00,20,6,-0.2818648176334593,-0.34366197183098857
COFORGE,CALL,1720.0,202507,3.7,12.0,3.243243243243243,2025-07-31 11:00:00,2025-07-31 12:00:00,4,0,0.4802623872554701,-0.2558139534883819
IEX,CALL,127.5,202607,0.37,1.2,3.243243243243243,2026-07-27 14:00:00,2026-07-27 15:15:00,5,3,-0.4986149584487509,-1.3960784313725494
POLICYBZR,CALL,1440.0,202604,26.3,85.25,3.241444866920152,2026-03-27 11:45:00,2026-04-01 13:30:00,1,34,0.8715660298424188,0.4652777777777839
KEI,CALL,4050.0,202510,50.45,163.2,3.2348860257680867,2025-09-26 15:15:00,2025-09-30 15:15:00,1,34,0.40061328453433465,0.24691358024691024
OFSS,CALL,8700.0,202510,95.85,310.0,3.2342201356285867,2025-09-26 11:45:00,2025-10-03 09:30:00,8,34,0.023013635579083314,-0.08620689655172153
M&M,CALL,3600.0,202601,24.65,79.6,3.22920892494929,2025-12-29 11:00:00,2026-01-12 11:45:00,5,31,-0.16533480297602487,0.6388888888888999
ABB,CALL,5700.0,202504,8.1,26.1,3.2222222222222223,2025-04-24 12:15:00,2025-04-24 13:15:00,3,0,-0.04381352961794205,0.061403508771928905
GRASIM,CALL,2780.0,202510,21.75,70.05,3.220689655172414,2025-09-26 09:15:00,2025-10-03 12:30:00,16,34,-0.13650896289110204,-0.0035971223021569187
DIXON,CALL,16500.0,202507,21.75,70.0,3.218390804597701,2025-07-31 10:45:00,2025-07-31 11:30:00,3,0,0.2816384007836792,-0.7333333333333303
SRF,CALL,2520.0,202604,2.8,9.0,3.2142857142857144,2026-04-28 12:45:00,2026-04-28 13:15:00,2,2,0.8127802690583108,-0.08333333333333526
TECHM,CALL,1380.0,202604,19.4,62.1,3.2010309278350517,2026-03-27 15:15:00,2026-04-02 10:00:00,2,34,-0.45226130653266416,0.4855072463768151
TORNTPOWER,CALL,1460.0,202506,1.25,4.0,3.2,2025-06-26 13:30:00,2025-06-26 15:00:00,1,0,-0.7213828773649178,-0.07534246575341408
MCX,CALL,7800.0,202507,10.0,32.0,3.2,2025-07-31 11:45:00,2025-07-31 12:45:00,4,0,0.5642755221170193,-0.6089743589743568
NMDC,CALL,68.0,202504,0.25,0.8,3.2,2025-04-23 12:15:00,2025-04-24 12:15:00,15,1,0.5367526464887584,-0.6176470588235339
SAIL,CALL,115.0,202504,0.75,2.4,3.1999999999999997,2025-04-23 10:30:00,2025-04-24 09:30:00,19,1,-1.3173755811951127,-0.3391304347826085
ABB,CALL,6000.0,202506,7.65,24.35,3.1830065359477127,2025-06-26 10:15:00,2025-06-26 12:30:00,9,0,-0.28380634390651194,-0.44999999999999485
GLENMARK,CALL,1960.0,202510,20.9,66.5,3.181818181818182,2025-09-26 14:00:00,2025-10-03 10:00:00,15,34,-0.3898734177215202,0.3724489795918329
SRF,CALL,2740.0,202605,2.2,7.0,3.1818181818181817,2026-05-26 13:00:00,2026-05-26 14:15:00,5,2,-0.46498111014240395,0.0
KALYANKJIL,CALL,600.0,202507,1.4,4.45,3.178571428571429,2025-07-31 09:30:00,2025-07-31 14:15:00,9,0,-1.4677991259173684,-0.4249999999999976
CAMS,CALL,760.0,202604,2.0,6.35,3.175,2026-04-28 09:30:00,2026-04-28 11:45:00,4,2,-0.690017743313398,-0.5789473684210455
TECHM,CALL,1600.0,202601,15.35,48.7,3.1726384364820848,2025-12-26 14:30:00,2026-01-01 15:15:00,48,34,-0.2912200260239195,0.5749999999999922
CAMS,CALL,750.0,202601,7.9,25.05,3.170886075949367,2025-12-26 14:45:00,2026-01-02 12:00:00,9,34,-0.42440318302388036,0.10666666666665492
NATIONALUM,PUT,350.0,202607,4.8,15.2,3.1666666666666665,2026-07-23 11:00:00,2026-07-29 11:30:00,6,7,0.620222126063763,0.34403669724769603
INFY,CALL,1580.0,202505,1.2,3.8,3.1666666666666665,2025-05-29 14:00:00,2025-05-29 14:45:00,1,0,0.0,0.05063291139240089
LT,CALL,3640.0,202506,4.3,13.6,3.1627906976744184,2025-06-26 10:30:00,2025-06-26 14:30:00,9,0,0.09097926775474274,-0.26098901098901006
RELIANCE,CALL,1350.0,202604,14.8,46.65,3.1520270270270268,2026-03-27 14:00:00,2026-04-02 09:15:00,1,34,0.17755419101870284,0.3037037037036949
HCLTECH,CALL,1400.0,202510,12.0,37.75,3.1458333333333335,2025-09-26 12:45:00,2025-10-06 09:45:00,18,34,-0.07850974234528962,0.0
SAIL,CALL,159.0,202602,0.7,2.2,3.1428571428571432,2026-02-19 12:15:00,2026-02-20 12:30:00,8,7,0.050454086781015484,-0.22641509433962703
LUPIN,CALL,1900.0,202502,1.05,3.3,3.1428571428571423,2025-02-27 13:15:00,2025-02-27 14:00:00,3,0,0.5199490662139095,-0.2842105263157979
KAYNES,CALL,7300.0,202510,95.25,299.2,3.141207349081365,2025-09-26 14:15:00,2025-10-08 09:30:00,17,34,-0.6865610767452957,0.068493150684934
GODREJPROP,CALL,2350.0,202506,9.25,29.0,3.135135135135135,2025-06-26 11:30:00,2025-06-26 13:15:00,4,0,-1.0544003360638432,0.22978723404256662
KEI,CALL,3000.0,202504,1.9,5.95,3.1315789473684212,2025-04-24 11:45:00,2025-04-24 13:45:00,7,0,-0.4342017368069495,-0.6333333333333302
UNIONBANK,CALL,170.0,202604,0.4,1.25,3.125,2026-04-28 14:15:00,2026-04-28 14:30:00,1,2,0.17682423670872804,-0.023529411764700026
WIPRO,CALL,200.0,202604,1.28,4.0,3.125,2026-04-24 15:15:00,2026-04-29 14:30:00,1,6,0.14561888024102743,-0.28000000000000247
ASIANPAINT,CALL,2500.0,202508,1.2,3.75,3.125,2025-08-28 13:15:00,2025-08-28 14:00:00,3,0,-0.5333970225300355,-0.04799999999999249
INDIGO,CALL,5500.0,202504,11.45,35.75,3.122270742358079,2025-04-24 09:30:00,2025-04-24 11:00:00,5,0,-0.8573233462683905,-0.12727272727273142
BEL,CALL,400.0,202601,3.85,12.0,3.116883116883117,2025-12-26 13:00:00,2026-01-02 12:45:00,34,34,-0.6690620740924302,0.21250000000001545
ASIANPAINT,CALL,2780.0,202601,21.0,65.45,3.1166666666666667,2025-12-26 09:15:00,2026-01-02 09:15:00,36,34,0.11845364155209648,0.33093525179854755
TORNTPOWER,CALL,1240.0,202510,13.05,40.6,3.111111111111111,2025-09-26 11:15:00,2025-10-07 13:00:00,2,34,-0.26489003050248483,0.20161290322580072
RELIANCE,CALL,1370.0,202604,14.8,45.95,3.10472972972973,2026-03-27 10:30:00,2026-04-01 09:15:00,1,34,-0.5861919235779389,0.2554744525547381
COFORGE,CALL,1740.0,202507,3.35,10.4,3.1044776119402986,2025-07-31 12:15:00,2025-07-31 13:15:00,4,0,0.8091745255559557,-0.4770114942528658
GRASIM,CALL,2800.0,202508,2.2,6.8,3.0909090909090904,2025-08-28 13:45:00,2025-08-28 14:15:00,2,0,-0.24988398243672716,-0.20357142857142518
IEX,CALL,185.0,202506,1.1,3.4,3.0909090909090904,2025-06-23 15:00:00,2025-06-24 15:15:00,10,3,-0.12031062014657978,-1.2756756756756804
HCLTECH,CALL,1660.0,202505,0.55,1.7,3.0909090909090904,2025-05-29 12:30:00,2025-05-29 13:00:00,1,0,-0.1264755480607116,-0.10240963855422391
BEL,CALL,405.0,202601,3.35,10.35,3.08955223880597,2025-12-26 11:15:00,2026-01-02 10:00:00,3,34,-0.17262638717632228,-0.04938271604938427
KAYNES,CALL,3200.0,202606,25.95,80.1,3.0867052023121384,2026-06-16 09:45:00,2026-06-24 12:30:00,30,9,3.5972623179473917,-0.19374999999999254
SAIL,CALL,200.0,202605,0.6,1.85,3.0833333333333335,2026-05-25 11:00:00,2026-05-26 09:15:00,3,3,-0.48792756539235427,-0.6099999999999994
DIXON,CALL,15000.0,202505,102.25,314.95,3.0801955990220047,2025-05-23 11:45:00,2025-05-26 12:30:00,16,6,-0.14750251424739957,-0.7466666666666621
LUPIN,CALL,2140.0,202601,3.25,10.0,3.076923076923077,2026-01-27 11:15:00,2026-01-27 12:00:00,2,2,-0.03265686960577385,0.13084112149532867
SAIL,CALL,110.0,202502,1.3,4.0,3.0769230769230766,2025-02-20 13:15:00,2025-02-21 14:30:00,21,7,-0.3776365478493138,-1.6727272727272813
POLICYBZR,CALL,1660.0,202504,6.7,20.6,3.074626865671642,2025-04-24 12:45:00,2025-04-24 13:00:00,1,0,-0.048053820278703974,0.060240963855417995
OFSS,CALL,8600.0,202510,92.8,284.95,3.070581896551724,2025-09-26 13:30:00,2025-10-01 13:45:00,1,34,-0.8528293188890146,0.034883720930234396
MAZDOCK,CALL,2800.0,202510,42.45,130.25,3.06831566548881,2025-09-29 10:15:00,2025-10-01 10:45:00,5,31,-0.6273217915469309,1.267857142857154
KEI,CALL,4100.0,202510,50.95,156.1,3.0637880274779192,2025-09-26 12:45:00,2025-10-06 12:45:00,15,34,-0.3092507366011632,-0.14634146341463428
TORNTPOWER,CALL,1280.0,202601,13.0,39.8,3.0615384615384613,2025-12-26 10:15:00,2025-12-31 09:15:00,4,34,-0.4183128050197604,0.4296875000000089
POLICYBZR,CALL,1700.0,202510,22.75,69.5,3.0549450549450547,2025-09-26 12:15:00,2025-10-01 09:30:00,4,34,-0.7753293692433383,0.12352941176470011
WIPRO,CALL,265.0,202601,2.21,6.75,3.054298642533937,2025-12-26 14:30:00,2026-01-08 11:30:00,49,34,-0.262664165103188,0.30188679245284344
KEI,CALL,4450.0,202601,50.8,155.15,3.0541338582677167,2025-12-26 09:15:00,2026-01-08 11:00:00,27,34,0.9872004357298403,-0.002247191011239824
BEL,CALL,405.0,202510,4.65,14.2,3.0537634408602146,2025-09-26 09:45:00,2025-10-01 12:00:00,11,34,0.7825114892559881,0.17283950617283939
RELIANCE,CALL,1360.0,202604,15.4,47.0,3.051948051948052,2026-03-27 11:15:00,2026-04-01 13:30:00,1,34,-0.8430845264917552,0.3161764705882364
ASIANPAINT,CALL,2360.0,202510,18.4,55.8,3.032608695652174,2025-09-26 10:30:00,2025-09-30 15:15:00,9,34,-0.23662638384179813,0.04237288135593431
RBLBANK,CALL,255.0,202507,3.3,10.0,3.0303030303030303,2025-07-04 09:15:00,2025-07-07 15:00:00,13,27,0.23155416012556884,-0.4980392156862745
DIVISLAB,CALL,6450.0,202601,55.0,166.25,3.022727272727273,2025-12-26 14:00:00,2025-12-31 09:15:00,1,34,-0.18575851393188847,-0.031007751937983663
DIVISLAB,CALL,6000.0,202604,73.9,223.05,3.0182679296346415,2026-03-27 10:30:00,2026-04-01 12:30:00,13,34,0.31664027997666544,0.3249999999999975
LUPIN,CALL,2020.0,202511,3.0,9.05,3.016666666666667,2025-11-25 09:30:00,2025-11-25 10:45:00,1,2,0.9253238633521788,-0.10891089108910901
HAL,CALL,4800.0,202510,54.25,163.6,3.015668202764977,2025-09-26 10:15:00,2025-10-01 10:15:00,6,34,0.19859935193895506,-0.14583333333333393
GRASIM,CALL,2700.0,202511,4.0,12.05,3.0125,2025-11-25 12:30:00,2025-11-25 13:45:00,5,2,0.5592007157769086,-0.09629629629629433
WIPRO,CALL,250.0,202507,0.15,0.45,3.0,2025-07-31 13:45:00,2025-07-31 14:00:00,1,0,-0.08017638805370986,-0.30000000000000027
ICICIBANK,CALL,1340.0,202601,2.85,8.55,3.0,2026-01-27 10:45:00,2026-01-27 11:45:00,3,2,-0.09726898615787238,-0.3582089552238821
SAIL,CALL,158.0,202602,1.0,3.0,3.0,2026-02-20 10:30:00,2026-02-20 15:15:00,9,6,1.2427930813581067,0.025316455696189344
BEL,CALL,410.0,202506,0.3,0.9,3.0,2025-06-26 13:30:00,2025-06-26 14:45:00,5,0,-0.09802720254871167,-0.5731707317073176
BEL,CALL,255.0,202502,0.25,0.75,3.0,2025-02-27 11:45:00,2025-02-27 13:30:00,6,0,-0.4718836020448314,-0.7450980392156858
